{"cameraMode":{"drawMode":0,"name":"Shaded","section":"Shading Mode"},"sceneLighting":false,"audioPlay":false,"sceneViewState":{"showFog":true,"showMaterialUpdate":false,"showSkybox":false,"showFlares":true,"showImageEffects":true,"showParticleSystems":true},"in2DMode":false,"pivot":{"x":0.8799999952316284,"y":1.2599999904632569,"z":11.029999732971192},"rotation":{"x":0.19503141939640046,"y":-0.17403264343738557,"z":0.035191819071769717,"w":0.9646016955375671},"size":1.2950468063354493,"orthographic":false}